"id","Le","gap_frac","cc","cc_empirical"
"DSCN6486_trough1.JPG",1.86,0.222259406302647,0.777740593697353,0.729967181440282
"DSCN6488_trough2.JPG",1.59,0.271781255305533,0.728218744694467,0.684482864707321
"DSCN6489_trough3.JPG",2.11,0.183800818847866,0.816199181152134,0.766539504771513
