"","name","length","width","radius","surface_area"
"1","trough_1",120,77,10,0.915415926535898
"2","trough_2",120,72,10,0.855415926535898
"3","trough_3",122,69,10,0.833215926535898
